ID, size
1, 1
2, 1
3, 1
4, 1
5, 1
6, 1
7, 1
8, 1
9, 1
10, 1
11, 1
12, 1
13, 1
14, 1
15, 1
16, 1
17, 1
18, 1
19, 1
20, 1
21, 1
22, 1
23, 1
24, 1
25, 1
26, 1
27, 1
28, 1
29, 1
30, 1
31, 1
32, 1
33, 1
34, 1
35, 1
36, 1
37, 1
38, 1
39, 1
40, 1
41, 1
42, 1
43, 1
44, 1
45, 1
46, 1
47, 1
48, 1
49, 1
50, 1
51, 1
52, 1
53, 1
54, 1
55, 1
56, 1
57, 1
58, 1
59, 1
60, 1
61, 1
62, 1
63, 1
64, 1
65, 1
66, 1
67, 1
68, 1
69, 1
70, 1
71, 1
72, 1
73, 1
74, 1
75, 1
76, 1
77, 1
78, 1
79, 1
80, 1
81, 1
82, 1
83, 1
84, 1
85, 1
86, 1
87, 1
88, 1
89, 1
90, 1
91, 1
92, 1
93, 1
94, 1
95, 1
96, 1
97, 1
98, 1
99, 1
100, 1
101, 1
102, 1
103, 1
104, 1
105, 1
106, 1
107, 1
108, 1
109, 1
110, 1
111, 1
112, 1
113, 1
114, 1
115, 1
116, 1
117, 1
118, 1
119, 1
120, 1
121, 1
122, 1
123, 1
124, 1
125, 1
126, 1
127, 1
128, 1
129, 1
130, 1
131, 1
132, 1
133, 1
134, 1
135, 1
136, 1
137, 1
138, 1
139, 1
140, 1
141, 1
142, 1
143, 1
144, 1
145, 1
146, 1
147, 1
148, 1
149, 1
150, 1
151, 1
152, 1
153, 1
154, 1
155, 1
156, 1
157, 1
158, 1
159, 1
160, 1
161, 1
162, 1
163, 1
164, 1
165, 1
166, 1
167, 1
168, 1
169, 1
170, 1
171, 1
172, 1
173, 1
174, 1
175, 1
176, 1
177, 1
178, 1
179, 1
180, 1
181, 1
182, 1
183, 1
184, 1
185, 1
186, 1
187, 1
188, 1
189, 1
190, 1
191, 1
192, 1
193, 1
194, 1
195, 1
196, 1
197, 1
198, 1
199, 1
200, 1
201, 1
202, 1
203, 1
204, 1
205, 1
206, 1
207, 1
208, 1
209, 1
210, 1
211, 1
212, 1
213, 1
214, 1
215, 1
216, 1
217, 1
218, 1
219, 1
220, 1
221, 1
222, 1
223, 1
224, 1
225, 1
226, 1
227, 1
228, 1
229, 1
230, 1
231, 1
232, 1
233, 1
234, 1
235, 1
236, 1
237, 1
238, 1
239, 1
240, 1
241, 1
242, 1
243, 1
244, 1
245, 1
246, 1
247, 1
248, 1
249, 1
250, 1
251, 1
252, 1
253, 1
254, 1
255, 1
256, 1
257, 1
258, 1
259, 1
260, 1
261, 1
262, 1
263, 1
264, 1
265, 1
266, 1
267, 1
268, 1
269, 1
270, 1
271, 1
272, 1
273, 1
274, 1
275, 1
276, 1
277, 1
278, 1
279, 1
280, 1
281, 1
282, 1
283, 1
284, 1
285, 1
286, 1
287, 1
288, 1
289, 1
290, 1
291, 1
292, 1
293, 1
294, 1
295, 1
296, 1
297, 1
298, 1
299, 1
300, 1
301, 1
302, 1
303, 1
304, 1
305, 1
306, 1
307, 1
308, 1
309, 1
310, 1
311, 1
312, 1
313, 1
314, 1
315, 1
316, 1
317, 1
318, 1
319, 1
320, 1
321, 1
322, 1
323, 1
324, 1
325, 1
326, 1
327, 1
328, 1
329, 1
330, 1
331, 1
332, 1
333, 1
334, 1
335, 1
336, 1
337, 1
338, 1
339, 1
340, 1
341, 1
342, 1
343, 1
344, 1
345, 1
346, 1
347, 1
348, 1
349, 1
350, 1
351, 1
352, 1
353, 1
354, 1
355, 1
356, 1
357, 1
358, 1
359, 1
360, 1
361, 1
362, 1
363, 1
364, 1
365, 1
366, 1
367, 1
368, 1
369, 1
370, 1
371, 1
372, 1
373, 1
374, 1
375, 1
376, 1
377, 1
378, 1
379, 1
380, 1
381, 1
382, 1
383, 1
384, 1
385, 1
386, 1
387, 1
388, 1
389, 1
390, 1
391, 1
392, 1
393, 1
394, 1
395, 1
396, 1
397, 1
398, 1
399, 1
400, 1
401, 1
402, 1
403, 1
404, 1
405, 1
406, 1
407, 1
408, 1
409, 1
410, 1
411, 1
412, 1
413, 1
414, 1
415, 1
416, 1
417, 1
418, 1
419, 1
420, 1
421, 1
422, 1
423, 1
424, 1
425, 1
426, 1
427, 1
428, 1
429, 1
430, 1
431, 1
432, 1
433, 1
434, 1
435, 1
436, 1
437, 1
438, 1
439, 1
440, 1
441, 1
442, 1
443, 1
444, 1
445, 1
446, 1
447, 1
448, 1
449, 1
450, 1
451, 1
452, 1
453, 1
454, 1
455, 1
456, 1
457, 1
458, 1
459, 1
460, 1
461, 1
462, 1
463, 1
464, 1
465, 1
466, 1
467, 1
468, 1
469, 1
470, 1
471, 1
472, 1
473, 1
474, 1
475, 1
476, 1
477, 1
478, 1
479, 1
480, 1
481, 1
482, 1
483, 1
484, 1
485, 1
486, 1
487, 1
488, 1
489, 1
490, 1
491, 1
492, 1
493, 1
494, 1
495, 1
496, 1
497, 1
498, 1
499, 1
500, 1
501, 1
502, 1
503, 1
504, 1
505, 1
506, 1
507, 1
508, 1
509, 1
510, 1
511, 1
512, 1
513, 1
514, 1
515, 1
516, 1
517, 1
518, 1
519, 1
520, 1
521, 1
522, 1
523, 1
524, 1
525, 1
526, 1
527, 1
528, 1
529, 1
530, 1
531, 1
532, 1
533, 1
534, 1
535, 1
536, 1
537, 1
538, 1
539, 1
540, 1
541, 1
542, 1
543, 1
544, 1
545, 1
546, 1
547, 1
548, 1
549, 1
550, 1
551, 1
552, 1
553, 1
554, 1
555, 1
556, 1
557, 1
558, 1
559, 1
560, 1
561, 1
562, 1
563, 1
564, 1
565, 1
566, 1
567, 1
568, 1
569, 1
570, 1
571, 1
572, 1
573, 1
574, 1
575, 1
576, 1
577, 1
578, 1
579, 1
580, 1
581, 1
582, 2
583, 2
584, 2
585, 2
586, 2
587, 2
588, 2
589, 2
590, 2
591, 2
592, 2
593, 2
594, 2
595, 2
596, 2
597, 2
598, 2
599, 2
600, 2
601, 2
602, 2
603, 2
604, 2
605, 2
606, 2
607, 2
608, 2
609, 2
610, 2
611, 2
612, 2
613, 2
614, 2
615, 2
616, 2
617, 2
618, 2
619, 2
620, 2
621, 2
622, 2
623, 2
624, 2
625, 2
626, 2
627, 2
628, 2
629, 2
630, 2
631, 2
632, 2
633, 2
634, 2
635, 2
636, 2
637, 2
638, 2
639, 2
640, 2
641, 2
642, 2
643, 2
644, 2
645, 2
646, 2
647, 2
648, 2
649, 2
650, 2
651, 2
652, 2
653, 2
654, 2
655, 2
656, 2
657, 2
658, 2
659, 2
660, 2
661, 2
662, 2
663, 2
664, 2
665, 2
666, 2
667, 2
668, 2
669, 2
670, 2
671, 2
672, 2
673, 2
674, 2
675, 2
676, 2
677, 2
678, 2
679, 2
680, 2
681, 2
682, 2
683, 2
684, 2
685, 2
686, 2
687, 2
688, 2
689, 2
690, 2
691, 2
692, 2
693, 2
694, 2
695, 2
696, 2
697, 2
698, 2
699, 2
700, 2
701, 2
702, 2
703, 2
704, 2
705, 2
706, 2
707, 2
708, 2
709, 2
710, 2
711, 2
712, 2
713, 2
714, 2
715, 2
716, 2
717, 2
718, 2
719, 2
720, 2
721, 2
722, 2
723, 2
724, 2
725, 2
726, 2
727, 2
728, 2
729, 2
730, 2
731, 2
732, 2
733, 2
734, 2
735, 2
736, 2
737, 2
738, 2
739, 2
740, 2
741, 2
742, 2
743, 2
744, 2
745, 2
746, 2
747, 2
748, 2
749, 2
750, 2
751, 2
752, 2
753, 2
754, 2
755, 2
756, 2
757, 2
758, 2
759, 2
760, 2
761, 2
762, 2
763, 2
764, 2
765, 2
766, 2
767, 2
768, 2
769, 2
770, 2
771, 2
772, 2
773, 2
774, 2
775, 2
776, 2
777, 2
778, 2
779, 2
780, 2
781, 2
782, 2
783, 2
784, 2
785, 2
786, 2
787, 2
788, 2
789, 2
790, 2
791, 2
792, 2
793, 2
794, 2
795, 2
796, 2
797, 2
798, 2
799, 2
800, 2
801, 2
802, 2
803, 2
804, 2
805, 2
806, 2
807, 2
808, 2
809, 2
810, 2
811, 2
812, 2
813, 2
814, 2
815, 2
816, 2
817, 2
818, 2
819, 2
820, 2
821, 2
822, 2
823, 2
824, 2
825, 2
826, 2
827, 2
828, 2
829, 2
830, 2
831, 2
832, 2
833, 2
834, 2
835, 2
836, 2
837, 2
838, 2
839, 2
840, 2
841, 2
842, 2
843, 2
844, 2
845, 2
846, 2
847, 2
848, 2
849, 2
850, 2
851, 2
852, 2
853, 2
854, 2
855, 2
856, 2
857, 2
858, 2
859, 2
860, 2
861, 2
862, 2
863, 2
864, 2
865, 2
866, 2
867, 2
868, 2
869, 2
870, 2
871, 2
872, 2
873, 2
874, 2
875, 2
876, 2
877, 2
878, 2
879, 2
880, 2
881, 2
882, 2
883, 2
884, 2
885, 2
886, 2
887, 2
888, 2
889, 2
890, 2
891, 2
892, 2
893, 2
894, 2
895, 2
896, 2
897, 2
898, 2
899, 2
900, 2
901, 2
902, 2
903, 2
904, 2
905, 2
906, 2
907, 2
908, 2
909, 2
910, 2
911, 2
912, 2
913, 2
914, 2
915, 2
916, 2
917, 2
918, 2
919, 2
920, 2
921, 2
922, 2
923, 2
924, 2
925, 2
926, 2
927, 2
928, 2
929, 2
930, 2
931, 2
932, 2
933, 2
934, 2
935, 2
936, 2
937, 2
938, 2
939, 2
940, 2
941, 2
942, 2
943, 2
944, 2
945, 2
946, 2
947, 2
948, 2
949, 2
950, 2
951, 2
952, 2
953, 2
954, 2
955, 2
956, 2
957, 2
958, 2
959, 2
960, 2
961, 2
962, 2
963, 2
964, 2
965, 2
966, 2
967, 2
968, 2
969, 2
970, 2
971, 2
972, 2
973, 2
974, 2
975, 2
976, 2
977, 2
978, 2
979, 2
980, 2
981, 2
982, 2
983, 2
984, 2
985, 2
986, 2
987, 2
988, 2
989, 2
990, 2
991, 2
992, 2
993, 2
994, 2
995, 2
996, 2
997, 2
998, 2
999, 2
1000, 2
1001, 2
1002, 2
1003, 2
1004, 2
1005, 2
1006, 2
1007, 2
1008, 2
1009, 2
1010, 2
1011, 2
1012, 2
1013, 2
1014, 2
1015, 2
1016, 2
1017, 2
1018, 2
1019, 2
1020, 2
1021, 2
1022, 2
1023, 2
1024, 2
1025, 2
1026, 2
1027, 2
1028, 2
1029, 2
1030, 2
1031, 2
1032, 2
1033, 2
1034, 2
1035, 2
1036, 2
1037, 2
1038, 2
1039, 2
1040, 2
1041, 2
1042, 2
1043, 2
1044, 2
1045, 2
1046, 2
1047, 2
1048, 2
1049, 2
1050, 2
1051, 2
1052, 2
1053, 2
1054, 2
1055, 2
1056, 2
1057, 2
1058, 2
1059, 2
1060, 2
1061, 2
1062, 2
1063, 2
1064, 2
1065, 2
1066, 2
1067, 2
1068, 2
1069, 2
1070, 2
1071, 2
1072, 2
1073, 2
1074, 2
1075, 2
1076, 2
1077, 2
1078, 2
1079, 2
1080, 2
1081, 2
1082, 2
1083, 2
1084, 2
1085, 2
1086, 2
1087, 2
1088, 2
1089, 2
1090, 2
1091, 2
1092, 2
1093, 2
1094, 2
1095, 2
1096, 2
1097, 2
1098, 2
1099, 2
1100, 2
1101, 2
1102, 2
1103, 2
1104, 2
1105, 2
1106, 2
1107, 2
1108, 2
1109, 2
1110, 2
1111, 2
1112, 2
1113, 2
1114, 2
1115, 2
1116, 2
1117, 2
1118, 2
1119, 2
1120, 2
1121, 2
1122, 2
1123, 2
1124, 2
1125, 2
1126, 2
1127, 2
1128, 2
1129, 2
1130, 2
1131, 2
1132, 2
1133, 2
1134, 2
1135, 2
1136, 2
1137, 2
1138, 2
1139, 2
1140, 2
1141, 2
1142, 2
1143, 2
1144, 2
1145, 2
1146, 2
1147, 2
1148, 2
1149, 2
1150, 2
1151, 2
1152, 2
1153, 2
1154, 2
1155, 2
1156, 2
1157, 2
1158, 2
1159, 2
1160, 2
1161, 2
1162, 2
1163, 2
1164, 2
1165, 2
1166, 2
1167, 2
1168, 2
1169, 2
1170, 2
1171, 2
1172, 2
1173, 2
1174, 2
1175, 2
1176, 2
1177, 2
1178, 2
1179, 2
1180, 2
1181, 2
1182, 2
1183, 2
1184, 2
1185, 2
1186, 2
1187, 2
1188, 2
1189, 2
1190, 2
1191, 2
1192, 2
1193, 2
1194, 2
1195, 2
1196, 2
1197, 2
1198, 2
1199, 2
1200, 2
1201, 2
1202, 2
1203, 2
1204, 2
1205, 2
1206, 2
1207, 2
1208, 2
1209, 2
1210, 2
1211, 2
1212, 2
1213, 2
1214, 2
1215, 2
1216, 2
1217, 2
1218, 2
1219, 2
1220, 2
1221, 2
1222, 2
1223, 2
1224, 2
1225, 2
1226, 2
1227, 2
1228, 2
1229, 2
1230, 2
1231, 2
1232, 2
1233, 2
1234, 2
1235, 2
1236, 2
1237, 2
1238, 2
1239, 2
1240, 2
1241, 2
1242, 2
1243, 2
1244, 2
1245, 2
1246, 2
1247, 2
1248, 2
1249, 2
1250, 2
1251, 2
1252, 2
1253, 2
1254, 2
1255, 2
1256, 2
1257, 2
1258, 2
1259, 2
1260, 2
1261, 2
1262, 2
1263, 2
1264, 2
1265, 2
1266, 2
1267, 2
1268, 2
1269, 2
1270, 2
1271, 2
1272, 2
1273, 2
1274, 2
1275, 2
1276, 2
1277, 2
1278, 2
1279, 2
1280, 2
1281, 2
1282, 2
1283, 2
1284, 2
1285, 2
1286, 2
1287, 2
1288, 2
1289, 2
1290, 2
1291, 2
1292, 2
1293, 2
1294, 2
1295, 2
1296, 2
1297, 2
1298, 2
1299, 2
1300, 2
1301, 2
1302, 2
1303, 2
1304, 2
1305, 2
1306, 2
1307, 2
1308, 2
1309, 2
1310, 2
1311, 2
1312, 2
1313, 2
1314, 2
1315, 2
1316, 2
1317, 2
1318, 2
1319, 2
1320, 2
1321, 2
1322, 2
1323, 2
1324, 2
1325, 2
1326, 2
1327, 2
1328, 2
1329, 2
1330, 2
1331, 2
1332, 2
1333, 2
1334, 2
1335, 2
1336, 2
1337, 2
1338, 2
1339, 2
1340, 2
1341, 2
1342, 2
1343, 2
1344, 2
1345, 2
1346, 2
1347, 2
1348, 2
1349, 2
1350, 2
1351, 2
1352, 2
1353, 2
1354, 2
1355, 2
1356, 2
1357, 2
1358, 2
1359, 2
1360, 2
1361, 2
1362, 2
1363, 2
1364, 2
1365, 2
1366, 2
1367, 2
1368, 2
1369, 2
1370, 2
1371, 2
1372, 2
1373, 2
1374, 2
1375, 2
1376, 2
1377, 2
1378, 2
1379, 2
1380, 2
1381, 2
1382, 2
1383, 2
1384, 2
1385, 2
1386, 2
1387, 2
1388, 2
1389, 2
1390, 2
1391, 2
1392, 2
1393, 2
1394, 2
1395, 2
1396, 2
1397, 2
1398, 2
1399, 2
1400, 2
1401, 2
1402, 2
1403, 2
1404, 2
1405, 2
1406, 2
1407, 2
1408, 2
1409, 2
1410, 2
1411, 2
1412, 2
1413, 2
1414, 2
1415, 2
1416, 2
1417, 2
1418, 2
1419, 2
1420, 2
1421, 2
1422, 2
1423, 2
1424, 2
1425, 2
1426, 2
1427, 2
1428, 2
1429, 2
1430, 2
1431, 2
1432, 2
1433, 2
1434, 2
1435, 2
1436, 2
1437, 2
1438, 2
1439, 2
1440, 2
1441, 2
1442, 2
1443, 2
1444, 2
1445, 2
1446, 2
1447, 2
1448, 2
1449, 2
1450, 2
1451, 2
1452, 2
1453, 2
1454, 2
1455, 2
1456, 2
1457, 2
1458, 2
1459, 2
1460, 2
1461, 2
1462, 2
1463, 2
1464, 2
1465, 2
1466, 2
1467, 2
1468, 2
1469, 3
1470, 3
1471, 3
1472, 3
1473, 3
1474, 3
1475, 3
1476, 3
1477, 3
1478, 3
1479, 3
1480, 3
1481, 3
1482, 3
1483, 3
1484, 3
1485, 3
1486, 3
1487, 3
1488, 3
1489, 3
1490, 3
1491, 3
1492, 3
1493, 3
1494, 3
1495, 3
1496, 3
1497, 3
1498, 3
1499, 3
1500, 3
1501, 3
1502, 3
1503, 3
1504, 3
1505, 3
1506, 3
1507, 3
1508, 3
1509, 3
1510, 3
1511, 3
1512, 3
1513, 3
1514, 3
1515, 3
1516, 3
1517, 3
1518, 3
1519, 3
1520, 3
1521, 3
1522, 3
1523, 3
1524, 3
1525, 3
1526, 3
1527, 3
1528, 3
1529, 3
1530, 3
1531, 3
1532, 3
1533, 3
1534, 3
1535, 3
1536, 3
1537, 3
1538, 3
1539, 3
1540, 3
1541, 3
1542, 3
1543, 3
1544, 3
1545, 3
1546, 3
1547, 3
1548, 3
1549, 3
1550, 3
1551, 3
1552, 3
1553, 3
1554, 3
1555, 3
1556, 3
1557, 3
1558, 3
1559, 3
1560, 3
1561, 3
1562, 3
1563, 3
1564, 3
1565, 3
1566, 3
1567, 3
1568, 3
1569, 3
1570, 3
1571, 3
1572, 3
1573, 3
1574, 3
1575, 3
1576, 3
1577, 3
1578, 3
1579, 3
1580, 3
1581, 3
1582, 3
1583, 3
1584, 3
1585, 3
1586, 3
1587, 3
1588, 3
1589, 3
1590, 3
1591, 3
1592, 3
1593, 3
1594, 3
1595, 3
1596, 3
1597, 3
1598, 3
1599, 3
1600, 3
1601, 3
1602, 3
1603, 3
1604, 3
1605, 3
1606, 3
1607, 3
1608, 3
1609, 3
1610, 3
1611, 3
1612, 3
1613, 3
1614, 3
1615, 3
1616, 3
1617, 3
1618, 3
1619, 3
1620, 3
1621, 3
1622, 3
1623, 3
1624, 3
1625, 3
1626, 3
1627, 3
1628, 3
1629, 3
1630, 3
1631, 3
1632, 3
1633, 3
1634, 3
1635, 3
1636, 3
1637, 3
1638, 3
1639, 3
1640, 3
1641, 3
1642, 3
1643, 3
1644, 3
1645, 3
1646, 3
1647, 3
1648, 3
1649, 3
1650, 3
1651, 3
1652, 3
1653, 3
1654, 3
1655, 3
1656, 3
1657, 3
1658, 3
1659, 3
1660, 3
1661, 3
1662, 3
1663, 3
1664, 3
1665, 3
1666, 3
1667, 3
1668, 3
1669, 3
1670, 3
1671, 3
1672, 3
1673, 3
1674, 3
1675, 3
1676, 3
1677, 3
1678, 3
1679, 3
1680, 3
1681, 3
1682, 3
1683, 3
1684, 3
1685, 3
1686, 3
1687, 3
1688, 3
1689, 3
1690, 3
1691, 3
1692, 3
1693, 3
1694, 3
1695, 3
1696, 3
1697, 3
1698, 3
1699, 3
1700, 3
1701, 3
1702, 3
1703, 3
1704, 3
1705, 3
1706, 3
1707, 3
1708, 3
1709, 3
1710, 3
1711, 3
1712, 3
1713, 3
1714, 3
1715, 3
1716, 3
1717, 3
1718, 3
1719, 3
1720, 3
1721, 3
1722, 3
1723, 3
1724, 3
1725, 3
1726, 3
1727, 3
1728, 3
1729, 3
1730, 3
1731, 3
1732, 3
1733, 3
1734, 3
1735, 3
1736, 3
1737, 3
1738, 3
1739, 3
1740, 3
1741, 3
1742, 3
1743, 3
1744, 3
1745, 3
1746, 3
1747, 3
1748, 3
1749, 3
1750, 3
1751, 3
1752, 3
1753, 3
1754, 3
1755, 3
1756, 3
1757, 3
1758, 3
1759, 3
1760, 3
1761, 3
1762, 3
1763, 3
1764, 3
1765, 3
1766, 3
1767, 3
1768, 3
1769, 3
1770, 3
1771, 3
1772, 3
1773, 3
1774, 3
1775, 3
1776, 3
1777, 3
1778, 3
1779, 3
1780, 3
1781, 3
1782, 3
1783, 3
1784, 3
1785, 3
1786, 3
1787, 3
1788, 3
1789, 3
1790, 3
1791, 3
1792, 3
1793, 3
1794, 3
1795, 3
1796, 3
1797, 3
1798, 3
1799, 3
1800, 3
1801, 3
1802, 3
1803, 3
1804, 3
1805, 3
1806, 3
1807, 3
1808, 3
1809, 3
1810, 3
1811, 3
1812, 3
1813, 3
1814, 3
1815, 3
1816, 3
1817, 3
1818, 3
1819, 3
1820, 3
1821, 3
1822, 3
1823, 3
1824, 3
1825, 3
1826, 3
1827, 3
1828, 3
1829, 3
1830, 3
1831, 3
1832, 3
1833, 3
1834, 3
1835, 3
1836, 3
1837, 3
1838, 3
1839, 3
1840, 3
1841, 3
1842, 3
1843, 3
1844, 3
1845, 3
1846, 3
1847, 3
1848, 3
1849, 3
1850, 3
1851, 3
1852, 3
1853, 3
1854, 3
1855, 3
1856, 3
1857, 3
1858, 3
1859, 3
1860, 3
1861, 3
1862, 3
1863, 3
1864, 3
1865, 3
1866, 3
1867, 3
1868, 3
1869, 3
1870, 3
1871, 3
1872, 3
1873, 3
1874, 3
1875, 3
1876, 3
1877, 3
1878, 3
1879, 3
1880, 3
1881, 3
1882, 3
1883, 3
1884, 3
1885, 3
1886, 3
1887, 3
1888, 3
1889, 3
1890, 3
1891, 3
1892, 3
1893, 3
1894, 3
1895, 3
1896, 3
1897, 3
1898, 3
1899, 3
1900, 3
1901, 3
1902, 3
1903, 3
1904, 3
1905, 3
1906, 3
1907, 3
1908, 3
1909, 3
1910, 3
1911, 3
1912, 3
1913, 3
1914, 3
1915, 3
1916, 3
1917, 3
1918, 3
1919, 3
1920, 3
1921, 3
1922, 3
1923, 3
1924, 3
1925, 3
1926, 3
1927, 3
1928, 3
1929, 3
1930, 3
1931, 3
1932, 3
1933, 3
1934, 3
1935, 3
1936, 3
1937, 3
1938, 3
1939, 3
1940, 3
1941, 3
1942, 3
1943, 3
1944, 3
1945, 3
1946, 3
1947, 3
1948, 3
1949, 3
1950, 3
1951, 3
1952, 3
1953, 3
1954, 3
1955, 3
1956, 3
1957, 3
1958, 3
1959, 3
1960, 3
1961, 3
1962, 3
1963, 3
1964, 3
1965, 3
1966, 3
1967, 3
1968, 3
1969, 3
1970, 3
1971, 3
1972, 3
1973, 3
1974, 3
1975, 3
1976, 3
1977, 3
1978, 3
1979, 3
1980, 3
1981, 3
1982, 3
1983, 3
1984, 3
1985, 3
1986, 3
1987, 3
1988, 3
1989, 3
1990, 3
1991, 3
1992, 3
1993, 3
1994, 3
1995, 3
1996, 3
1997, 3
1998, 3
1999, 3
2000, 3
2001, 3
2002, 3
2003, 3
2004, 3
2005, 3
2006, 3
2007, 3
2008, 3
2009, 3
2010, 3
2011, 3
2012, 3
2013, 3
2014, 3
2015, 3
2016, 3
2017, 3
2018, 3
2019, 3
2020, 3
2021, 3
2022, 3
2023, 3
2024, 3
2025, 3
2026, 3
2027, 3
2028, 3
2029, 3
2030, 3
2031, 3
2032, 3
2033, 3
2034, 3
2035, 3
2036, 3
2037, 3
2038, 3
2039, 3
2040, 3
2041, 3
2042, 3
2043, 3
2044, 3
2045, 3
2046, 3
2047, 3
2048, 3
2049, 3
2050, 3
2051, 3
2052, 3
2053, 3
2054, 3
2055, 3
2056, 3
2057, 3
2058, 3
2059, 3
2060, 3
2061, 3
2062, 3
2063, 3
2064, 3
2065, 3
2066, 3
2067, 3
2068, 3
2069, 3
2070, 3
2071, 3
2072, 3
2073, 3
2074, 3
2075, 3
2076, 3
2077, 3
2078, 3
2079, 3
2080, 3
2081, 3
2082, 3
2083, 3
2084, 3
2085, 3
2086, 3
2087, 3
2088, 3
2089, 3
2090, 3
2091, 3
2092, 3
2093, 3
2094, 3
2095, 3
2096, 3
2097, 3
2098, 3
2099, 3
2100, 3
2101, 3
2102, 3
2103, 3
2104, 3
2105, 3
2106, 3
2107, 3
2108, 3
2109, 3
2110, 3
2111, 3
2112, 3
2113, 3
2114, 3
2115, 3
2116, 3
2117, 3
2118, 3
2119, 3
2120, 3
2121, 3
2122, 3
2123, 3
2124, 3
2125, 3
2126, 3
2127, 3
2128, 3
2129, 3
2130, 3
2131, 3
2132, 3
2133, 3
2134, 3
2135, 3
2136, 3
2137, 3
2138, 3
2139, 3
2140, 3
2141, 3
2142, 3
2143, 3
2144, 3
2145, 3
2146, 3
2147, 3
2148, 3
2149, 3
2150, 3
2151, 3
2152, 3
2153, 3
2154, 3
2155, 3
2156, 3
2157, 3
2158, 3
2159, 3
2160, 3
2161, 3
2162, 3
2163, 3
2164, 3
2165, 3
2166, 3
2167, 3
2168, 3
2169, 3
2170, 3
2171, 3
2172, 3
2173, 3
2174, 3
2175, 3
2176, 3
2177, 3
2178, 3
2179, 3
2180, 3
2181, 3
2182, 3
2183, 3
2184, 3
2185, 3
2186, 3
2187, 3
2188, 3
2189, 3
2190, 3
2191, 3
2192, 3
2193, 3
2194, 3
2195, 3
2196, 3
2197, 3
2198, 3
2199, 3
2200, 3
2201, 3
2202, 3
2203, 3
2204, 3
2205, 3
2206, 3
2207, 3
2208, 3
2209, 3
2210, 3
2211, 3
2212, 3
2213, 3
2214, 3
2215, 3
2216, 3
2217, 3
2218, 3
2219, 3
2220, 3
2221, 3
2222, 3
2223, 3
2224, 3
2225, 3
2226, 3
2227, 3
2228, 3
2229, 3
2230, 3
2231, 3
2232, 3
2233, 3
2234, 3
2235, 3
2236, 3
2237, 3
2238, 3
2239, 3
2240, 3
2241, 3
2242, 3
2243, 3
2244, 3
2245, 3
2246, 3
2247, 3
2248, 3
2249, 3
2250, 3
2251, 3
2252, 3
2253, 3
2254, 3
2255, 3
2256, 3
2257, 3
2258, 3
2259, 3
2260, 3
2261, 3
2262, 3
2263, 3
2264, 3
2265, 3
2266, 3
2267, 3
2268, 3
2269, 3
2270, 3
2271, 3
2272, 3
2273, 3
2274, 3
2275, 3
2276, 3
2277, 3
2278, 3
2279, 3
2280, 3
2281, 3
2282, 3
2283, 3
2284, 3
2285, 3
2286, 3
2287, 3
2288, 3
2289, 3
2290, 3
2291, 3
2292, 3
2293, 3
2294, 3
2295, 3
2296, 3
2297, 3
2298, 3
2299, 3
2300, 3
2301, 3
2302, 3
2303, 3
2304, 3
2305, 3
2306, 3
2307, 3
2308, 3
2309, 3
2310, 3
2311, 3
2312, 3
2313, 3
2314, 3
2315, 3
2316, 3
2317, 3
2318, 3
2319, 3
2320, 3
2321, 3
2322, 3
2323, 3
2324, 3
2325, 3
2326, 3
2327, 3
2328, 3
2329, 3
2330, 3
2331, 3
2332, 3
2333, 3
2334, 3
2335, 3
2336, 3
2337, 3
2338, 3
2339, 3
2340, 3
2341, 3
2342, 3
2343, 3
2344, 3
2345, 3
2346, 3
2347, 3
2348, 3
2349, 3
2350, 3
2351, 3
2352, 3
2353, 3
2354, 3
2355, 3
2356, 3
2357, 3
2358, 3
2359, 3
2360, 3
2361, 3
2362, 3
2363, 3
2364, 3
2365, 3
2366, 3
2367, 3
2368, 3
2369, 3
2370, 3
2371, 3
2372, 3
2373, 3
2374, 3
2375, 3
2376, 3
2377, 3
2378, 3
2379, 3
2380, 3
2381, 3
2382, 3
2383, 3
2384, 3
2385, 3
2386, 3
2387, 3
2388, 3
2389, 3
2390, 3
2391, 3
2392, 3
2393, 3
2394, 3
2395, 3
2396, 3
2397, 3
2398, 3
2399, 3
2400, 3
2401, 3
2402, 3
2403, 3
2404, 3
2405, 3
2406, 3
2407, 3
2408, 3
2409, 3
2410, 3
2411, 3
2412, 3
2413, 3
2414, 3
2415, 3
2416, 3
2417, 3
2418, 3
2419, 3
2420, 3
2421, 3
2422, 3
2423, 3
2424, 3
2425, 3
2426, 3
2427, 3
2428, 3
2429, 3
2430, 3
2431, 3
2432, 3
2433, 3
2434, 3
2435, 3
2436, 3
2437, 3
2438, 3
2439, 3
2440, 3
2441, 3
2442, 3
2443, 3
2444, 3
2445, 3
2446, 3
2447, 3
2448, 3
2449, 3
2450, 3
2451, 3
2452, 3
2453, 3
2454, 3
2455, 3
2456, 3
2457, 3
2458, 3
2459, 3
2460, 3
2461, 3
2462, 3
2463, 3
2464, 3
2465, 3
2466, 3
2467, 3
2468, 3
2469, 3
2470, 3
2471, 3
2472, 3
2473, 3
2474, 3
2475, 3
2476, 3
2477, 3
2478, 3
2479, 3
2480, 3
2481, 3
2482, 3
2483, 3
2484, 3
2485, 3
2486, 3
2487, 3
2488, 3
2489, 3
2490, 3
2491, 3
2492, 3
2493, 3
2494, 3
2495, 3
2496, 3
2497, 3
2498, 3
2499, 3
2500, 3
2501, 3
2502, 3
2503, 3
2504, 3
2505, 3
2506, 3
2507, 3
2508, 3
2509, 3
2510, 3
2511, 3
2512, 3
2513, 3
2514, 3
2515, 3
2516, 3
2517, 3
2518, 3
2519, 3
2520, 3
2521, 3
2522, 3
2523, 3
2524, 3
2525, 3
2526, 3
2527, 3
2528, 3
2529, 3
2530, 3
2531, 3
2532, 3
2533, 3
2534, 3
2535, 3
2536, 3
2537, 4
2538, 4
2539, 4
2540, 4
2541, 4
2542, 4
2543, 4
2544, 4
2545, 4
2546, 4
2547, 4
2548, 4
2549, 4
2550, 4
2551, 4
2552, 4
2553, 4
2554, 4
2555, 4
2556, 4
2557, 4
2558, 4
2559, 4
2560, 4
2561, 4
2562, 4
2563, 4
2564, 4
2565, 4
2566, 4
2567, 4
2568, 4
2569, 4
2570, 4
2571, 4
2572, 4
2573, 4
2574, 4
2575, 4
2576, 4
2577, 4
2578, 4
2579, 4
2580, 4
2581, 4
2582, 4
2583, 4
2584, 4
2585, 4
2586, 4
2587, 4
2588, 4
2589, 4
2590, 4
2591, 4
2592, 4
2593, 4
2594, 4
2595, 4
2596, 4
2597, 4
2598, 4
2599, 4
2600, 4
2601, 4
2602, 4
2603, 4
2604, 4
2605, 4
2606, 4
2607, 4
2608, 4
2609, 4
2610, 4
2611, 4
2612, 4
2613, 4
2614, 4
2615, 4
2616, 4
2617, 4
2618, 4
2619, 4
2620, 4
2621, 4
2622, 4
2623, 4
2624, 4
2625, 4
2626, 4
2627, 4
2628, 4
2629, 4
2630, 4
2631, 4
2632, 4
2633, 4
2634, 4
2635, 4
2636, 4
2637, 4
2638, 4
2639, 4
2640, 4
2641, 4
2642, 4
2643, 4
2644, 4
2645, 4
2646, 4
2647, 4
2648, 4
2649, 4
2650, 4
2651, 4
2652, 4
2653, 4
2654, 4
2655, 4
2656, 4
2657, 4
2658, 4
2659, 4
2660, 4
2661, 4
2662, 4
2663, 4
2664, 4
2665, 4
2666, 4
2667, 4
2668, 4
2669, 4
2670, 4
2671, 4
2672, 4
2673, 4
2674, 4
2675, 4
2676, 4
2677, 4
2678, 4
2679, 4
2680, 4
2681, 4
2682, 4
2683, 4
2684, 4
2685, 4
2686, 4
2687, 4
2688, 4
2689, 4
2690, 4
2691, 4
2692, 4
2693, 4
2694, 4
2695, 4
2696, 4
2697, 4
2698, 4
2699, 4
2700, 4
2701, 4
2702, 4
2703, 4
2704, 4
2705, 4
2706, 4
2707, 4
2708, 4
2709, 4
2710, 4
2711, 4
2712, 4
2713, 4
2714, 4
2715, 4
2716, 4
2717, 4
2718, 4
2719, 4
2720, 4
2721, 4
2722, 4
2723, 4
2724, 4
2725, 4
2726, 4
2727, 4
2728, 4
2729, 4
2730, 4
2731, 4
2732, 4
2733, 4
2734, 4
2735, 4
2736, 4
2737, 4
2738, 4
2739, 4
2740, 4
2741, 4
2742, 4
2743, 4
2744, 4
2745, 4
2746, 4
2747, 4
2748, 4
2749, 4
2750, 4
2751, 4
2752, 4
2753, 4
2754, 4
2755, 4
2756, 4
2757, 4
2758, 4
2759, 4
2760, 4
2761, 4
2762, 4
2763, 4
2764, 4
2765, 4
2766, 4
2767, 4
2768, 4
2769, 4
2770, 4
2771, 4
2772, 4
2773, 4
2774, 4
2775, 4
2776, 4
2777, 4
2778, 4
2779, 4
2780, 4
2781, 4
2782, 4
2783, 4
2784, 4
2785, 4
2786, 4
2787, 4
2788, 4
2789, 4
2790, 4
2791, 4
2792, 4
2793, 4
2794, 4
2795, 4
2796, 4
2797, 4
2798, 4
2799, 4
2800, 4
2801, 4
2802, 4
2803, 4
2804, 4
2805, 4
2806, 4
2807, 4
2808, 4
2809, 4
2810, 4
2811, 4
2812, 4
2813, 4
2814, 4
2815, 4
2816, 4
2817, 4
2818, 4
2819, 4
2820, 4
2821, 4
2822, 4
2823, 4
2824, 4
2825, 4
2826, 4
2827, 4
2828, 4
2829, 4
2830, 4
2831, 4
2832, 4
2833, 4
2834, 4
2835, 4
2836, 4
2837, 4
2838, 4
2839, 4
2840, 4
2841, 4
2842, 4
2843, 4
2844, 4
2845, 4
2846, 4
2847, 4
2848, 4
2849, 4
2850, 4
2851, 4
2852, 4
2853, 4
2854, 4
2855, 4
2856, 4
2857, 4
2858, 4
2859, 4
2860, 4
2861, 4
2862, 4
2863, 4
2864, 4
2865, 4
2866, 4
2867, 4
2868, 4
2869, 4
2870, 4
2871, 4
2872, 4
2873, 4
2874, 4
2875, 4
2876, 4
2877, 4
2878, 4
2879, 4
2880, 4
2881, 4
2882, 4
2883, 4
2884, 4
2885, 4
2886, 4
2887, 4
2888, 4
2889, 4
2890, 4
2891, 4
2892, 4
2893, 4
2894, 4
2895, 4
2896, 4
2897, 4
2898, 4
2899, 4
2900, 4
2901, 4
2902, 4
2903, 4
2904, 4
2905, 4
2906, 4
2907, 4
2908, 4
2909, 4
2910, 4
2911, 4
2912, 4
2913, 4
2914, 4
2915, 4
2916, 4
2917, 4
2918, 4
2919, 4
2920, 4
2921, 4
2922, 4
2923, 4
2924, 4
2925, 4
2926, 4
2927, 4
2928, 4
2929, 4
2930, 4
2931, 4
2932, 4
2933, 4
2934, 4
2935, 4
2936, 4
2937, 4
2938, 4
2939, 4
2940, 4
2941, 4
2942, 4
2943, 4
2944, 4
2945, 4
2946, 4
2947, 4
2948, 4
2949, 4
2950, 4
2951, 4
2952, 4
2953, 4
2954, 4
2955, 4
2956, 4
2957, 4
2958, 4
2959, 4
2960, 4
2961, 4
2962, 4
2963, 4
2964, 4
2965, 4
2966, 4
2967, 4
2968, 4
2969, 4
2970, 4
2971, 4
2972, 4
2973, 4
2974, 4
2975, 4
2976, 4
2977, 4
2978, 4
2979, 4
2980, 4
2981, 4
2982, 4
2983, 4
2984, 4
2985, 4
2986, 4
2987, 4
2988, 4
2989, 4
2990, 4
2991, 4
2992, 4
2993, 4
2994, 4
2995, 4
2996, 4
2997, 4
2998, 4
2999, 4
3000, 4
3001, 4
3002, 4
3003, 4
3004, 4
3005, 4
3006, 4
3007, 4
3008, 4
3009, 4
3010, 4
3011, 4
3012, 4
3013, 4
3014, 4
3015, 4
3016, 4
3017, 4
3018, 4
3019, 4
3020, 4
3021, 4
3022, 4
3023, 4
3024, 4
3025, 4
3026, 4
3027, 4
3028, 4
3029, 4
3030, 4
3031, 4
3032, 4
3033, 4
3034, 4
3035, 4
3036, 4
3037, 4
3038, 4
3039, 4
3040, 4
3041, 4
3042, 4
3043, 4
3044, 4
3045, 4
3046, 4
3047, 4
3048, 4
3049, 4
3050, 4
3051, 4
3052, 4
3053, 4
3054, 4
3055, 4
3056, 4
3057, 4
3058, 4
3059, 4
3060, 4
3061, 4
3062, 4
3063, 4
3064, 4
3065, 4
3066, 4
3067, 4
3068, 4
3069, 4
3070, 4
3071, 4
3072, 4
3073, 4
3074, 4
3075, 4
3076, 4
3077, 4
3078, 4
3079, 4
3080, 4
3081, 4
3082, 4
3083, 4
3084, 4
3085, 4
3086, 4
3087, 4
3088, 4
3089, 4
3090, 4
3091, 4
3092, 4
3093, 4
3094, 4
3095, 4
3096, 4
3097, 4
3098, 4
3099, 4
3100, 4
3101, 4
3102, 4
3103, 4
3104, 4
3105, 4
3106, 4
3107, 4
3108, 4
3109, 4
3110, 4
3111, 4
3112, 4
3113, 4
3114, 4
3115, 4
3116, 4
3117, 4
3118, 4
3119, 4
3120, 4
3121, 4
3122, 4
3123, 4
3124, 4
3125, 4
3126, 4
3127, 4
3128, 4
3129, 4
3130, 4
3131, 4
3132, 4
3133, 4
3134, 4
3135, 4
3136, 4
3137, 4
3138, 4
3139, 4
3140, 4
3141, 4
3142, 4
3143, 4
3144, 4
3145, 4
3146, 4
3147, 4
3148, 4
3149, 4
3150, 4
3151, 4
3152, 4
3153, 4
3154, 4
3155, 4
3156, 4
3157, 4
3158, 4
3159, 4
3160, 4
3161, 4
3162, 4
3163, 4
3164, 4
3165, 4
3166, 4
3167, 4
3168, 4
3169, 4
3170, 4
3171, 4
3172, 4
3173, 4
3174, 4
3175, 4
3176, 4
3177, 4
3178, 4
3179, 4
3180, 4
3181, 4
3182, 4
3183, 4
3184, 4
3185, 4
3186, 4
3187, 4
3188, 4
3189, 4
3190, 4
3191, 4
3192, 4
3193, 4
3194, 4
3195, 4
3196, 4
3197, 4
3198, 4
3199, 4
3200, 4
3201, 4
3202, 4
3203, 4
3204, 4
3205, 4
3206, 4
3207, 4
3208, 4
3209, 4
3210, 4
3211, 4
3212, 4
3213, 4
3214, 4
3215, 4
3216, 4
3217, 4
3218, 4
3219, 4
3220, 4
3221, 4
3222, 4
3223, 4
3224, 4
3225, 4
3226, 4
3227, 4
3228, 4
3229, 4
3230, 4
3231, 4
3232, 4
3233, 4
3234, 4
3235, 4
3236, 4
3237, 4
3238, 4
3239, 4
3240, 4
3241, 4
3242, 4
3243, 4
3244, 4
3245, 4
3246, 4
3247, 4
3248, 4
3249, 4
3250, 4
3251, 4
3252, 4
3253, 4
3254, 4
3255, 4
3256, 4
3257, 4
3258, 4
3259, 4
3260, 4
3261, 4
3262, 4
3263, 4
3264, 4
3265, 4
3266, 4
3267, 4
3268, 4
3269, 4
3270, 4
3271, 4
3272, 4
3273, 4
3274, 4
3275, 4
3276, 4
3277, 4
3278, 4
3279, 4
3280, 4
3281, 4
3282, 4
3283, 4
3284, 4
3285, 4
3286, 4
3287, 4
3288, 4
3289, 4
3290, 4
3291, 4
3292, 4
3293, 4
3294, 4
3295, 4
3296, 4
3297, 4
3298, 4
3299, 4
3300, 4
3301, 4
3302, 4
3303, 4
3304, 4
3305, 4
3306, 4
3307, 4
3308, 4
3309, 4
3310, 4
3311, 4
3312, 4
3313, 4
3314, 4
3315, 4
3316, 4
3317, 4
3318, 4
3319, 4
3320, 4
3321, 4
3322, 4
3323, 4
3324, 4
3325, 4
3326, 4
3327, 4
3328, 4
3329, 4
3330, 4
3331, 4
3332, 4
3333, 4
3334, 4
3335, 4
3336, 4
3337, 4
3338, 4
3339, 4
3340, 4
3341, 4
3342, 4
3343, 4
3344, 4
3345, 4
3346, 4
3347, 4
3348, 4
3349, 4
3350, 4
3351, 4
3352, 4
3353, 4
3354, 4
3355, 4
3356, 4
3357, 4
3358, 4
3359, 4
3360, 4
3361, 4
3362, 4
3363, 4
3364, 4
3365, 4
3366, 4
3367, 4
3368, 4
3369, 4
3370, 4
3371, 4
3372, 4
3373, 4
3374, 4
3375, 4
3376, 4
3377, 4
3378, 4
3379, 4
3380, 4
3381, 4
3382, 4
3383, 4
3384, 4
3385, 4
3386, 4
3387, 4
3388, 4
3389, 4
3390, 4
3391, 4
3392, 4
3393, 4
3394, 4
3395, 4
3396, 4
3397, 4
3398, 4
3399, 4
3400, 4
3401, 4
3402, 4
3403, 4
3404, 4
3405, 4
3406, 4
3407, 4
3408, 4
3409, 4
3410, 4
3411, 4
3412, 4
3413, 4
3414, 4
3415, 4
3416, 4
3417, 4
3418, 4
3419, 4
3420, 4
3421, 4
3422, 4
3423, 4
3424, 4
3425, 4
3426, 4
3427, 4
3428, 4
3429, 4
3430, 4
3431, 4
3432, 4
3433, 4
3434, 4
3435, 4
3436, 4
3437, 4
3438, 4
3439, 4
3440, 4
3441, 4
3442, 4
3443, 4
3444, 4
3445, 4
3446, 4
3447, 4
3448, 4
3449, 4
3450, 4
3451, 4
3452, 4
3453, 4
3454, 4
3455, 4
3456, 4
3457, 4
3458, 4
3459, 4
3460, 4
3461, 4
3462, 4
3463, 4
3464, 4
3465, 4
3466, 4
3467, 4
3468, 4
3469, 4
3470, 4
3471, 4
3472, 4
3473, 4
3474, 4
3475, 4
3476, 4
3477, 4
3478, 4
3479, 4
3480, 4
3481, 4
3482, 4
3483, 4
3484, 4
3485, 4
3486, 4
3487, 4
3488, 4
3489, 4
3490, 4
3491, 4
3492, 4
3493, 4
3494, 4
3495, 4
3496, 4
3497, 4
3498, 4
3499, 4
3500, 4
3501, 4
3502, 4
3503, 4
3504, 4
3505, 4
3506, 4
3507, 4
3508, 4
3509, 4
3510, 4
3511, 4
3512, 4
3513, 4
3514, 4
3515, 4
3516, 4
3517, 4
3518, 4
3519, 4
3520, 4
3521, 4
3522, 4
3523, 4
3524, 4
3525, 4
3526, 4
3527, 4
3528, 4
3529, 4
3530, 4
3531, 4
3532, 4
3533, 4
3534, 4
3535, 4
3536, 4
3537, 4
3538, 4
3539, 4
3540, 4
3541, 4
3542, 4
3543, 4
3544, 4
3545, 4
3546, 4
3547, 4
3548, 4
3549, 4
3550, 4
3551, 4
3552, 4
3553, 4
3554, 4
3555, 4
3556, 4
3557, 4
3558, 4
3559, 4
3560, 4
3561, 4
3562, 4
3563, 4
3564, 4
3565, 4
3566, 4
3567, 4
3568, 4
3569, 4
3570, 4
3571, 4
3572, 4
3573, 4
3574, 4
3575, 4
3576, 4
3577, 4
3578, 4
3579, 4
3580, 4
3581, 4
3582, 4
3583, 4
3584, 4
3585, 4
3586, 4
3587, 4
3588, 4
3589, 4
3590, 4
3591, 4
3592, 4
3593, 4
3594, 4
3595, 4
3596, 4
3597, 4
3598, 4
3599, 4
3600, 4
3601, 4
3602, 4
3603, 4
3604, 4
3605, 4
3606, 4
3607, 4
3608, 4
3609, 4
3610, 4
3611, 4
3612, 4
3613, 4
3614, 4
3615, 4
3616, 4
3617, 4
3618, 4
3619, 4
3620, 4
3621, 4
3622, 4
3623, 4
3624, 4
3625, 4
3626, 4
3627, 4
3628, 4
3629, 5
3630, 5
3631, 5
3632, 5
3633, 5
3634, 5
3635, 5
3636, 5
3637, 5
3638, 5
3639, 5
3640, 5
3641, 5
3642, 5
3643, 5
3644, 5
3645, 5
3646, 5
3647, 5
3648, 5
3649, 5
3650, 5
3651, 5
3652, 5
3653, 5
3654, 5
3655, 5
3656, 5
3657, 5
3658, 5
3659, 5
3660, 5
3661, 5
3662, 5
3663, 5
3664, 5
3665, 5
3666, 5
3667, 5
3668, 5
3669, 5
3670, 5
3671, 5
3672, 5
3673, 5
3674, 5
3675, 5
3676, 5
3677, 5
3678, 5
3679, 5
3680, 5
3681, 5
3682, 5
3683, 5
3684, 5
3685, 5
3686, 5
3687, 5
3688, 5
3689, 5
3690, 5
3691, 5
3692, 5
3693, 5
3694, 5
3695, 5
3696, 5
3697, 5
3698, 5
3699, 5
3700, 5
3701, 5
3702, 5
3703, 5
3704, 5
3705, 5
3706, 5
3707, 5
3708, 5
3709, 5
3710, 5
3711, 5
3712, 5
3713, 5
3714, 5
3715, 5
3716, 5
3717, 5
3718, 5
3719, 5
3720, 5
3721, 5
3722, 5
3723, 5
3724, 5
3725, 5
3726, 5
3727, 5
3728, 5
3729, 5
3730, 5
3731, 5
3732, 5
3733, 5
3734, 5
3735, 5
3736, 5
3737, 5
3738, 5
3739, 5
3740, 5
3741, 5
3742, 5
3743, 5
3744, 5
3745, 5
3746, 5
3747, 5
3748, 5
3749, 5
3750, 5
3751, 5
3752, 5
3753, 5
3754, 5
3755, 5
3756, 5
3757, 5
3758, 5
3759, 5
3760, 5
3761, 5
3762, 5
3763, 5
3764, 5
3765, 5
3766, 5
3767, 5
3768, 5
3769, 5
3770, 5
3771, 5
3772, 5
3773, 5
3774, 5
3775, 5
3776, 5
3777, 5
3778, 5
3779, 5
3780, 5
3781, 5
3782, 5
3783, 5
3784, 5
3785, 5
3786, 5
3787, 5
3788, 5
3789, 5
3790, 5
3791, 5
3792, 5
3793, 5
3794, 5
3795, 5
3796, 5
3797, 5
3798, 5
3799, 5
3800, 5
3801, 5
3802, 5
3803, 5
3804, 5
3805, 5
3806, 5
3807, 5
3808, 5
3809, 5
3810, 5
3811, 5
3812, 5
3813, 5
3814, 5
3815, 5
3816, 5
3817, 5
3818, 5
3819, 5
3820, 5
3821, 5
3822, 5
3823, 5
3824, 5
3825, 5
3826, 5
3827, 5
3828, 5
3829, 5
3830, 5
3831, 5
3832, 5
3833, 5
3834, 5
3835, 5
3836, 5
3837, 5
3838, 5
3839, 5
3840, 5
3841, 5
3842, 5
3843, 5
3844, 5
3845, 5
3846, 5
3847, 5
3848, 5
3849, 5
3850, 5
3851, 5
3852, 5
3853, 5
3854, 5
3855, 5
3856, 5
3857, 5
3858, 5
3859, 5
3860, 5
3861, 5
3862, 5
3863, 5
3864, 5
3865, 5
3866, 5
3867, 5
3868, 5
3869, 5
3870, 5
3871, 5
3872, 5
3873, 5
3874, 5
3875, 5
3876, 5
3877, 5
3878, 5
3879, 5
3880, 5
3881, 5
3882, 5
3883, 5
3884, 5
3885, 5
3886, 5
3887, 5
3888, 5
3889, 5
3890, 5
3891, 5
3892, 5
3893, 5
3894, 5
3895, 5
3896, 5
3897, 5
3898, 5
3899, 5
3900, 5
3901, 5
3902, 5
3903, 5
3904, 5
3905, 5
3906, 5
3907, 5
3908, 5
3909, 5
3910, 5
3911, 5
3912, 5
3913, 5
3914, 5
3915, 5
3916, 5
3917, 5
3918, 5
3919, 5
3920, 5
3921, 5
3922, 5
3923, 5
3924, 5
3925, 5
3926, 5
3927, 5
3928, 5
3929, 5
3930, 5
3931, 5
3932, 5
3933, 5
3934, 5
3935, 5
3936, 5
3937, 5
3938, 5
3939, 5
3940, 5
3941, 5
3942, 5
3943, 5
3944, 5
3945, 5
3946, 5
3947, 5
3948, 5
3949, 5
3950, 5
3951, 5
3952, 5
3953, 5
3954, 5
3955, 5
3956, 5
3957, 5
3958, 5
3959, 5
3960, 5
3961, 5
3962, 5
3963, 5
3964, 5
3965, 5
3966, 5
3967, 5
3968, 5
3969, 5
3970, 5
3971, 5
3972, 5
3973, 5
3974, 5
3975, 5
3976, 5
3977, 5
3978, 5
3979, 5
3980, 5
3981, 5
3982, 5
3983, 5
3984, 5
3985, 5
3986, 5
3987, 5
3988, 5
3989, 5
3990, 5
3991, 5
3992, 5
3993, 5
3994, 5
3995, 5
3996, 5
3997, 5
3998, 5
3999, 5
4000, 5
4001, 5
4002, 5
4003, 5
4004, 5
4005, 5
4006, 5
4007, 5
4008, 5
4009, 5
4010, 5
4011, 5
4012, 5
4013, 5
4014, 5
4015, 5
4016, 5
4017, 5
4018, 5
4019, 5
4020, 5
4021, 5
4022, 5
4023, 5
4024, 5
4025, 5
4026, 5
4027, 5
4028, 5
4029, 5
4030, 5
4031, 5
4032, 5
4033, 5
4034, 5
4035, 5
4036, 5
4037, 5
4038, 5
4039, 5
4040, 5
4041, 5
4042, 5
4043, 5
4044, 5
4045, 5
4046, 5
4047, 5
4048, 5
4049, 5
4050, 5
4051, 5
4052, 5
4053, 5
4054, 5
4055, 5
4056, 5
4057, 5
4058, 5
4059, 5
4060, 5
4061, 5
4062, 5
4063, 5
4064, 5
4065, 5
4066, 5
4067, 5
4068, 5
4069, 5
4070, 5
4071, 5
4072, 5
4073, 5
4074, 5
4075, 5
4076, 5
4077, 5
4078, 5
4079, 5
4080, 5
4081, 5
4082, 5
4083, 5
4084, 5
4085, 5
4086, 5
4087, 5
4088, 5
4089, 5
4090, 5
4091, 5
4092, 5
4093, 5
4094, 5
4095, 5
4096, 5
4097, 5
4098, 5
4099, 5
4100, 5
4101, 5
4102, 5
4103, 5
4104, 5
4105, 5
4106, 5
4107, 5
4108, 5
4109, 5
4110, 5
4111, 5
4112, 5
4113, 5
4114, 5
4115, 5
4116, 5
4117, 5
4118, 5
4119, 5
4120, 5
4121, 5
4122, 5
4123, 5
4124, 5
4125, 5
4126, 5
4127, 5
4128, 5
4129, 5
4130, 5
4131, 5
4132, 5
4133, 5
4134, 5
4135, 5
4136, 5
4137, 5
4138, 5
4139, 5
4140, 5
4141, 5
4142, 5
4143, 5
4144, 5
4145, 5
4146, 5
4147, 5
4148, 5
4149, 5
4150, 5
4151, 5
4152, 5
4153, 5
4154, 5
4155, 5
4156, 5
4157, 5
4158, 5
4159, 5
4160, 5
4161, 5
4162, 5
4163, 5
4164, 5
4165, 5
4166, 5
4167, 5
4168, 5
4169, 5
4170, 5
4171, 5
4172, 5
4173, 5
4174, 5
4175, 5
4176, 5
4177, 5
4178, 5
4179, 5
4180, 5
4181, 5
4182, 5
4183, 5
4184, 5
4185, 5
4186, 5
4187, 5
4188, 5
4189, 5
4190, 5
4191, 5
4192, 5
4193, 5
4194, 5
4195, 5
4196, 5
4197, 5
4198, 5
4199, 5
4200, 5
4201, 5
4202, 5
4203, 5
4204, 5
4205, 5
4206, 5
4207, 5
4208, 5
4209, 5
4210, 5
4211, 5
4212, 5
4213, 5
4214, 5
4215, 5
4216, 5
4217, 5
4218, 5
4219, 5
4220, 5
4221, 5
4222, 5
4223, 5
4224, 5
4225, 5
4226, 5
4227, 5
4228, 5
4229, 5
4230, 5
4231, 5
4232, 5
4233, 5
4234, 5
4235, 5
4236, 5
4237, 5
4238, 5
4239, 5
4240, 5
4241, 5
4242, 5
4243, 5
4244, 5
4245, 5
4246, 5
4247, 5
4248, 5
4249, 5
4250, 5
4251, 5
4252, 5
4253, 5
4254, 5
4255, 5
4256, 5
4257, 5
4258, 5
4259, 5
4260, 5
4261, 5
4262, 5
4263, 5
4264, 5
4265, 5
4266, 5
4267, 5
4268, 5
4269, 5
4270, 5
4271, 5
4272, 5
4273, 5
4274, 5
4275, 5
4276, 5
4277, 5
4278, 5
4279, 5
4280, 5
4281, 5
4282, 5
4283, 5
4284, 5
4285, 5
4286, 5
4287, 5
4288, 5
4289, 5
4290, 5
4291, 5
4292, 5
4293, 5
4294, 5
4295, 5
4296, 5
4297, 5
4298, 5
4299, 5
4300, 5
4301, 5
4302, 5
4303, 5
4304, 5
4305, 5
4306, 5
4307, 5
4308, 5
4309, 5
4310, 5
4311, 5
4312, 5
4313, 5
4314, 5
4315, 5
4316, 5
4317, 5
4318, 5
4319, 5
4320, 5
4321, 5
4322, 5
4323, 5
4324, 5
4325, 5
4326, 5
4327, 5
4328, 5
4329, 5
4330, 5
4331, 5
4332, 5
4333, 5
4334, 5
4335, 5
4336, 5
4337, 5
4338, 5
4339, 5
4340, 5
4341, 5
4342, 5
4343, 5
4344, 5
4345, 5
4346, 5
4347, 5
4348, 5
4349, 5
4350, 5
4351, 5
4352, 5
4353, 5
4354, 5
4355, 5
4356, 5
4357, 5
4358, 5
4359, 5
4360, 5
4361, 5
4362, 5
4363, 5
4364, 5
4365, 5
4366, 5
4367, 5
4368, 5
4369, 5
4370, 5
4371, 5
4372, 5
4373, 5
4374, 5
4375, 5
4376, 5
4377, 5
4378, 5
4379, 5
4380, 5
4381, 5
4382, 5
4383, 5
4384, 5
4385, 5
4386, 5
4387, 5
4388, 5
4389, 5
4390, 5
4391, 5
4392, 5
4393, 5
4394, 5
4395, 5
4396, 5
4397, 5
4398, 5
4399, 5
4400, 5
4401, 5
4402, 5
4403, 5
4404, 5
4405, 5
4406, 5
4407, 5
4408, 5
4409, 5
4410, 5
4411, 5
4412, 5
4413, 5
4414, 5
4415, 5
4416, 5
4417, 5
4418, 5
4419, 5
4420, 5
4421, 5
4422, 5
4423, 5
4424, 5
4425, 5
4426, 5
4427, 5
4428, 5
4429, 5
4430, 5
4431, 5
4432, 5
4433, 5
4434, 5
4435, 5
4436, 5
4437, 5
4438, 5
4439, 5
4440, 5
4441, 5
4442, 5
4443, 5
4444, 5
4445, 5
4446, 5
4447, 5
4448, 5
4449, 5
4450, 5
4451, 5
4452, 5
4453, 5
4454, 5
4455, 5
4456, 5
4457, 5
4458, 5
4459, 5
4460, 5
4461, 5
4462, 5
4463, 5
4464, 5
4465, 5
4466, 5
4467, 5
4468, 5
4469, 5
4470, 5
4471, 5
4472, 5
4473, 5
4474, 5
4475, 5
4476, 5
4477, 5
4478, 5
4479, 5
4480, 5
4481, 5
4482, 5
4483, 5
4484, 5
4485, 5
4486, 5
4487, 5
4488, 5
4489, 5
4490, 5
4491, 5
4492, 5
4493, 5
4494, 5
4495, 5
4496, 5
4497, 5
4498, 5
4499, 5
4500, 5
4501, 5
4502, 5
4503, 5
4504, 5
4505, 5
4506, 5
4507, 5
4508, 5
4509, 5
4510, 5
4511, 5
4512, 5
4513, 5
4514, 5
4515, 5
4516, 5
4517, 5
4518, 5
4519, 5
4520, 5
4521, 5
4522, 5
4523, 5
4524, 5
4525, 6
4526, 6
4527, 6
4528, 6
4529, 6
4530, 6
4531, 6
4532, 6
4533, 6
4534, 6
4535, 6
4536, 6
4537, 6
4538, 6
4539, 6
4540, 6
4541, 6
4542, 6
4543, 6
4544, 6
4545, 6
4546, 6
4547, 6
4548, 6
4549, 6
4550, 6
4551, 6
4552, 6
4553, 6
4554, 6
4555, 6
4556, 6
4557, 6
4558, 6
4559, 6
4560, 6
4561, 6
4562, 6
4563, 6
4564, 6
4565, 6
4566, 6
4567, 6
4568, 6
4569, 6
4570, 6
4571, 6
4572, 6
4573, 6
4574, 6
4575, 6
4576, 6
4577, 6
4578, 6
4579, 6
4580, 6
4581, 6
4582, 6
4583, 6
4584, 6
4585, 6
4586, 6
4587, 6
4588, 6
4589, 6
4590, 6
4591, 6
4592, 6
4593, 6
4594, 6
4595, 6
4596, 6
4597, 6
4598, 6
4599, 6
4600, 6
4601, 6
4602, 6
4603, 6
4604, 6
4605, 6
4606, 6
4607, 6
4608, 6
4609, 6
4610, 6
4611, 6
4612, 6
4613, 6
4614, 6
4615, 6
4616, 6
4617, 6
4618, 6
4619, 6
4620, 6
4621, 6
4622, 6
4623, 6
4624, 6
4625, 6
4626, 6
4627, 6
4628, 6
4629, 6
4630, 6
4631, 6
4632, 6
4633, 6
4634, 6
4635, 6
4636, 6
4637, 6
4638, 6
4639, 6
4640, 6
4641, 6
4642, 6
4643, 6
4644, 6
4645, 6
4646, 6
4647, 6
4648, 6
4649, 6
4650, 6
4651, 6
4652, 6
4653, 6
4654, 6
4655, 6
4656, 6
4657, 6
4658, 6
4659, 6
4660, 6
4661, 6
4662, 6
4663, 6
4664, 6
4665, 6
4666, 6
4667, 6
4668, 6
4669, 6
4670, 6
4671, 6
4672, 6
4673, 6
4674, 6
4675, 6
4676, 6
4677, 6
4678, 6
4679, 6
4680, 6
4681, 6
4682, 6
4683, 6
4684, 6
4685, 6
4686, 6
4687, 6
4688, 6
4689, 6
4690, 6
4691, 6
4692, 6
4693, 6
4694, 6
4695, 6
4696, 6
4697, 6
4698, 6
4699, 6
4700, 6
4701, 6
4702, 6
4703, 6
4704, 6
4705, 6
4706, 6
4707, 6
4708, 6
4709, 6
4710, 6
4711, 6
4712, 6
4713, 6
4714, 6
4715, 6
4716, 6
4717, 6
4718, 6
4719, 6
4720, 6
4721, 6
4722, 6
4723, 6
4724, 6
4725, 6
4726, 6
4727, 6
4728, 6
4729, 6
4730, 6
4731, 6
4732, 6
4733, 6
4734, 6
4735, 6
4736, 6
4737, 6
4738, 6
4739, 6
4740, 6
4741, 6
4742, 6
4743, 6
4744, 6
4745, 6
4746, 6
4747, 6
4748, 6
4749, 6
4750, 6
4751, 6
4752, 6
4753, 6
4754, 6
4755, 6
4756, 6
4757, 6
4758, 6
4759, 6
4760, 6
4761, 6
4762, 6
4763, 6
4764, 6
4765, 6
4766, 6
4767, 6
4768, 6
4769, 6
4770, 6
4771, 6
4772, 6
4773, 6
4774, 6
4775, 6
4776, 6
4777, 6
4778, 6
4779, 6
4780, 6
4781, 6
4782, 6
4783, 6
4784, 6
4785, 6
4786, 6
4787, 6
4788, 6
4789, 6
4790, 6
4791, 6
4792, 6
4793, 6
4794, 6
4795, 6
4796, 6
4797, 6
4798, 6
4799, 6
4800, 6
4801, 6
4802, 6
4803, 6
4804, 6
4805, 6
4806, 6
4807, 6
4808, 6
4809, 6
4810, 6
4811, 6
4812, 6
4813, 6
4814, 6
4815, 6
4816, 6
4817, 6
4818, 6
4819, 6
4820, 6
4821, 6
4822, 6
4823, 6
4824, 6
4825, 6
4826, 6
4827, 6
4828, 6
4829, 6
4830, 6
4831, 6
4832, 6
4833, 6
4834, 6
4835, 6
4836, 6
4837, 6
4838, 6
4839, 6
4840, 6
4841, 6
4842, 6
4843, 6
4844, 6
4845, 6
4846, 6
4847, 6
4848, 6
4849, 6
4850, 6
4851, 6
4852, 6
4853, 6
4854, 6
4855, 6
4856, 6
4857, 6
4858, 6
4859, 6
4860, 6
4861, 6
4862, 6
4863, 6
4864, 6
4865, 6
4866, 6
4867, 6
4868, 6
4869, 6
4870, 6
4871, 6
4872, 6
4873, 6
4874, 6
4875, 6
4876, 6
4877, 6
4878, 6
4879, 6
4880, 6
4881, 6
4882, 6
4883, 6
4884, 6
4885, 6
4886, 6
4887, 6
4888, 6
4889, 6
4890, 6
4891, 6
4892, 6
4893, 6
4894, 6
4895, 6
4896, 6
4897, 6
4898, 6
4899, 6
4900, 6
4901, 6
4902, 6
4903, 6
4904, 6
4905, 6
4906, 6
4907, 6
4908, 6
4909, 6
4910, 6
4911, 6
4912, 6
4913, 6
4914, 6
4915, 6
4916, 6
4917, 6
4918, 6
4919, 6
4920, 6
4921, 6
4922, 6
4923, 6
4924, 6
4925, 6
4926, 6
4927, 6
4928, 6
4929, 6
4930, 6
4931, 6
4932, 6
4933, 6
4934, 6
4935, 6
4936, 6
4937, 6
4938, 6
4939, 6
4940, 6
4941, 6
4942, 6
4943, 6
4944, 6
4945, 6
4946, 6
4947, 6
4948, 6
4949, 6
4950, 6
4951, 6
4952, 6
4953, 6
4954, 6
4955, 6
4956, 6
4957, 6
4958, 6
4959, 6
4960, 6
4961, 6
4962, 6
4963, 6
4964, 6
4965, 6
4966, 6
4967, 6
4968, 6
4969, 6
4970, 6
4971, 6
4972, 6
4973, 6
4974, 6
4975, 6
4976, 6
4977, 6
4978, 6
4979, 6
4980, 6
4981, 6
4982, 6
4983, 6
4984, 6
4985, 6
4986, 6
4987, 6
4988, 6
4989, 6
4990, 6
4991, 6
4992, 6
4993, 6
4994, 6
4995, 6
4996, 6
4997, 6
4998, 6
4999, 6
5000, 6
5001, 6
5002, 6
5003, 6
5004, 6
5005, 6
5006, 6
5007, 6
5008, 6
5009, 6
5010, 6
5011, 6
5012, 6
5013, 6
5014, 6
5015, 6
5016, 6
5017, 6
5018, 6
5019, 6
5020, 6
5021, 6
5022, 6
5023, 6
5024, 6
5025, 6
5026, 6
5027, 6
5028, 6
5029, 6
5030, 6
5031, 6
5032, 6
5033, 6
5034, 6
5035, 6
5036, 6
5037, 6
5038, 6
5039, 6
5040, 6
5041, 6
5042, 6
5043, 6
5044, 6
5045, 6
5046, 6
5047, 6
5048, 6
5049, 6
5050, 6
5051, 6
5052, 6
5053, 6
5054, 6
5055, 6
5056, 6
5057, 6
5058, 6
5059, 6
5060, 6
5061, 6
5062, 6
5063, 6
5064, 6
5065, 6
5066, 6
5067, 6
5068, 6
5069, 6
5070, 6
5071, 6
5072, 6
5073, 6
5074, 6
5075, 6
5076, 6
5077, 6
5078, 6
5079, 6
5080, 6
5081, 6
5082, 6
5083, 6
5084, 6
5085, 6
5086, 6
5087, 6
5088, 6
5089, 6
5090, 6
5091, 6
5092, 6
5093, 6
5094, 6
5095, 6
5096, 6
5097, 6
5098, 6
5099, 6
5100, 6
5101, 6
5102, 6
5103, 6
5104, 6
5105, 6
5106, 6
5107, 6
5108, 6
5109, 6
5110, 6
5111, 6
5112, 6
5113, 6
5114, 6
5115, 6
5116, 6
5117, 6
5118, 6
5119, 6
5120, 6
5121, 6
5122, 6
5123, 6
5124, 6
5125, 6
5126, 6
5127, 6
5128, 6
5129, 6
5130, 6
5131, 6
5132, 6
5133, 6
5134, 6
5135, 6
5136, 6
5137, 6
5138, 6
5139, 6
5140, 6
5141, 6
5142, 6
5143, 6
5144, 6
5145, 6
5146, 6
5147, 6
5148, 6
5149, 6
5150, 6
5151, 6
5152, 6
5153, 6
5154, 6
5155, 6
5156, 6
5157, 6
5158, 6
5159, 6
5160, 6
5161, 6
5162, 6
5163, 6
5164, 6
5165, 6
5166, 6
5167, 6
5168, 6
5169, 6
5170, 6
5171, 6
5172, 6
5173, 6
5174, 6
5175, 6
5176, 6
5177, 6
5178, 6
5179, 6
5180, 6
5181, 6
5182, 6
5183, 6
5184, 6
5185, 6
5186, 6
5187, 6
5188, 6
5189, 6
5190, 6
5191, 6
5192, 6
5193, 6
5194, 6
5195, 6
5196, 6
5197, 6
5198, 6
5199, 6
5200, 6
5201, 6
5202, 6
5203, 6
5204, 6
5205, 6
5206, 6
5207, 6
5208, 6
5209, 6
5210, 6
5211, 6
5212, 6
5213, 6
5214, 6
5215, 6
5216, 6
5217, 6
5218, 6
5219, 6
5220, 6
5221, 6
5222, 6
5223, 6
5224, 6
5225, 6
5226, 6
5227, 6
5228, 6
5229, 6
5230, 6
5231, 6
5232, 6
5233, 6
5234, 6
5235, 6
5236, 6
5237, 6
5238, 6
5239, 6
5240, 6
5241, 6
5242, 6
5243, 6
5244, 6
5245, 6
5246, 6
5247, 6
5248, 6
5249, 6
5250, 6
5251, 6
5252, 6
5253, 6
5254, 6
5255, 6
5256, 6
5257, 6
5258, 6
5259, 6
5260, 6
5261, 6
5262, 6
5263, 6
5264, 6
5265, 6
5266, 6
5267, 6
5268, 6
5269, 6
5270, 6
5271, 6
5272, 6
5273, 6
5274, 6
5275, 6
5276, 6
5277, 6
5278, 6
5279, 6
5280, 7
5281, 7
5282, 7
5283, 7
5284, 7
5285, 7
5286, 7
5287, 7
5288, 7
5289, 7
5290, 7
5291, 7
5292, 7
5293, 7
5294, 7
5295, 7
5296, 7
5297, 7
5298, 7
5299, 7
5300, 7
5301, 7
5302, 7
5303, 7
5304, 7
5305, 7
5306, 7
5307, 7
5308, 7
5309, 7
5310, 7
5311, 7
5312, 7
5313, 7
5314, 7
5315, 7
5316, 7
5317, 7
5318, 7
5319, 7
5320, 7
5321, 7
5322, 7
5323, 7
5324, 7
5325, 7
5326, 7
5327, 7
5328, 7
5329, 7
5330, 7
5331, 7
5332, 7
5333, 7
5334, 7
5335, 7
5336, 7
5337, 7
5338, 7
5339, 7
5340, 7
5341, 7
5342, 7
5343, 7
5344, 7
5345, 7
5346, 7
5347, 7
5348, 7
5349, 7
5350, 7
5351, 7
5352, 7
5353, 7
5354, 7
5355, 7
5356, 7
5357, 7
5358, 7
5359, 7
5360, 7
5361, 7
5362, 7
5363, 7
5364, 7
5365, 7
5366, 7
5367, 7
5368, 7
5369, 7
5370, 7
5371, 7
5372, 7
5373, 7
5374, 7
5375, 7
5376, 7
5377, 7
5378, 7
5379, 7
5380, 7
5381, 7
5382, 7
5383, 7
5384, 7
5385, 7
5386, 7
5387, 7
5388, 7
5389, 7
5390, 7
5391, 7
5392, 7
5393, 7
5394, 7
5395, 7
5396, 7
5397, 7
5398, 7
5399, 7
5400, 7
5401, 7
5402, 7
5403, 7
5404, 7
5405, 7
5406, 7
5407, 7
5408, 7
5409, 7
5410, 7
5411, 7
5412, 7
5413, 7
5414, 7
5415, 7
5416, 7
5417, 7
5418, 7
5419, 7
5420, 7
5421, 7
5422, 7
5423, 7
5424, 7
5425, 7
5426, 7
5427, 7
5428, 7
5429, 7
5430, 7
5431, 7
5432, 7
5433, 7
5434, 7
5435, 7
5436, 7
5437, 7
5438, 7
5439, 7
5440, 7
5441, 7
5442, 7
5443, 7
5444, 7
5445, 7
5446, 7
5447, 7
5448, 7
5449, 7
5450, 7
5451, 7
5452, 7
5453, 7
5454, 7
5455, 7
5456, 7
5457, 7
5458, 7
5459, 7
5460, 7
5461, 7
5462, 7
5463, 7
5464, 7
5465, 7
5466, 7
5467, 7
5468, 7
5469, 7
5470, 7
5471, 7
5472, 7
5473, 7
5474, 7
5475, 7
5476, 7
5477, 7
5478, 7
5479, 7
5480, 7
5481, 7
5482, 7
5483, 7
5484, 7
5485, 7
5486, 7
5487, 7
5488, 7
5489, 7
5490, 7
5491, 7
5492, 7
5493, 7
5494, 7
5495, 7
5496, 7
5497, 7
5498, 7
5499, 7
5500, 7
5501, 7
5502, 7
5503, 7
5504, 7
5505, 7
5506, 7
5507, 7
5508, 7
5509, 7
5510, 7
5511, 7
5512, 7
5513, 7
5514, 7
5515, 7
5516, 7
5517, 7
5518, 7
5519, 7
5520, 7
5521, 7
5522, 7
5523, 7
5524, 7
5525, 7
5526, 7
5527, 7
5528, 7
5529, 7
5530, 7
5531, 7
5532, 7
5533, 7
5534, 7
5535, 7
5536, 7
5537, 7
5538, 7
5539, 7
5540, 7
5541, 7
5542, 7
5543, 7
5544, 7
5545, 7
5546, 7
5547, 7
5548, 7
5549, 7
5550, 7
5551, 7
5552, 7
5553, 7
5554, 7
5555, 7
5556, 7
5557, 7
5558, 7
5559, 7
5560, 7
5561, 7
5562, 7
5563, 7
5564, 7
5565, 7
5566, 7
5567, 7
5568, 7
5569, 7
5570, 7
5571, 7
5572, 7
5573, 7
5574, 7
5575, 7
5576, 7
5577, 7
5578, 7
5579, 7
5580, 7
5581, 7
5582, 7
5583, 7
5584, 7
5585, 7
5586, 7
5587, 7
5588, 7
5589, 7
5590, 7
5591, 7
5592, 7
5593, 7
5594, 7
5595, 7
5596, 7
5597, 7
5598, 7
5599, 7
5600, 7
5601, 7
5602, 7
5603, 7
5604, 7
5605, 7
5606, 7
5607, 7
5608, 7
5609, 7
5610, 7
5611, 7
5612, 7
5613, 7
5614, 7
5615, 7
5616, 7
5617, 7
5618, 7
5619, 7
5620, 7
5621, 7
5622, 7
5623, 7
5624, 7
5625, 7
5626, 7
5627, 7
5628, 7
5629, 7
5630, 7
5631, 7
5632, 7
5633, 7
5634, 7
5635, 7
5636, 7
5637, 7
5638, 7
5639, 7
5640, 7
5641, 7
5642, 7
5643, 7
5644, 7
5645, 7
5646, 7
5647, 7
5648, 7
5649, 7
5650, 7
5651, 7
5652, 7
5653, 7
5654, 7
5655, 7
5656, 7
5657, 7
5658, 7
5659, 7
5660, 7
5661, 7
5662, 7
5663, 7
5664, 7
5665, 7
5666, 7
5667, 7
5668, 7
5669, 7
5670, 7
5671, 7
5672, 7
5673, 7
5674, 7
5675, 7
5676, 7
5677, 7
5678, 7
5679, 7
5680, 7
5681, 7
5682, 7
5683, 7
5684, 7
5685, 7
5686, 7
5687, 7
5688, 7
5689, 7
5690, 7
5691, 7
5692, 7
5693, 7
5694, 7
5695, 7
5696, 7
5697, 7
5698, 7
5699, 7
5700, 7
5701, 7
5702, 7
5703, 7
5704, 7
5705, 7
5706, 7
5707, 7
5708, 7
5709, 7
5710, 7
5711, 7
5712, 7
5713, 7
5714, 7
5715, 7
5716, 7
5717, 7
5718, 7
5719, 7
5720, 7
5721, 7
5722, 7
5723, 7
5724, 7
5725, 7
5726, 7
5727, 7
5728, 7
5729, 7
5730, 7
5731, 7
5732, 7
5733, 7
5734, 7
5735, 7
5736, 7
5737, 7
5738, 7
5739, 7
5740, 7
5741, 7
5742, 7
5743, 7
5744, 7
5745, 7
5746, 7
5747, 7
5748, 7
5749, 7
5750, 7
5751, 7
5752, 7
5753, 7
5754, 7
5755, 7
5756, 7
5757, 8
5758, 8
5759, 8
5760, 8
5761, 8
5762, 8
5763, 8
5764, 8
5765, 8
5766, 8
5767, 8
5768, 8
5769, 8
5770, 8
5771, 8
5772, 8
5773, 8
5774, 8
5775, 8
5776, 8
5777, 8
5778, 8
5779, 8
5780, 8
5781, 8
5782, 8
5783, 8
5784, 8
5785, 8
5786, 8
5787, 8
5788, 8
5789, 8
5790, 8
5791, 8
5792, 8
5793, 8
5794, 8
5795, 8
5796, 8
5797, 8
5798, 8
5799, 8
5800, 8
5801, 8
5802, 8
5803, 8
5804, 8
5805, 8
5806, 8
5807, 8
5808, 8
5809, 8
5810, 8
5811, 8
5812, 8
5813, 8
5814, 8
5815, 8
5816, 8
5817, 8
5818, 8
5819, 8
5820, 8
5821, 8
5822, 8
5823, 8
5824, 8
5825, 8
5826, 8
5827, 8
5828, 8
5829, 8
5830, 8
5831, 8
5832, 8
5833, 8
5834, 8
5835, 8
5836, 8
5837, 8
5838, 8
5839, 8
5840, 8
5841, 8
5842, 8
5843, 8
5844, 8
5845, 8
5846, 8
5847, 8
5848, 8
5849, 8
5850, 8
5851, 8
5852, 8
5853, 8
5854, 8
5855, 8
5856, 8
5857, 8
5858, 8
5859, 8
5860, 8
5861, 8
5862, 8
5863, 8
5864, 8
5865, 8
5866, 8
5867, 8
5868, 8
5869, 8
5870, 8
5871, 8
5872, 8
5873, 8
5874, 8
5875, 8
5876, 8
5877, 8
5878, 8
5879, 8
5880, 8
5881, 8
5882, 8
5883, 8
5884, 8
5885, 8
5886, 8
5887, 8
5888, 8
5889, 8
5890, 8
5891, 8
5892, 8
5893, 8
5894, 8
5895, 8
5896, 8
5897, 8
5898, 8
5899, 8
5900, 8
5901, 8
5902, 8
5903, 8
5904, 8
5905, 8
5906, 8
5907, 8
5908, 8
5909, 8
5910, 8
5911, 8
5912, 8
5913, 8
5914, 8
5915, 8
5916, 8
5917, 8
5918, 8
5919, 8
5920, 8
5921, 8
5922, 8
5923, 8
5924, 8
5925, 8
5926, 8
5927, 8
5928, 8
5929, 8
5930, 8
5931, 8
5932, 8
5933, 8
5934, 8
5935, 8
5936, 8
5937, 8
5938, 8
5939, 8
5940, 8
5941, 8
5942, 8
5943, 8
5944, 8
5945, 8
5946, 8
5947, 8
5948, 8
5949, 8
5950, 8
5951, 8
5952, 8
5953, 8
5954, 8
5955, 8
5956, 8
5957, 8
5958, 8
5959, 8
5960, 8
5961, 8
5962, 8
5963, 8
5964, 8
5965, 8
5966, 8
5967, 8
5968, 8
5969, 8
5970, 8
5971, 8
5972, 8
5973, 8
5974, 8
5975, 8
5976, 8
5977, 8
5978, 8
5979, 8
5980, 8
5981, 8
5982, 8
5983, 8
5984, 8
5985, 8
5986, 8
5987, 8
5988, 8
5989, 8
5990, 8
5991, 8
5992, 8
5993, 8
5994, 8
5995, 8
5996, 8
5997, 8
5998, 8
5999, 8
6000, 8
6001, 8
6002, 8
6003, 8
6004, 8
6005, 8
6006, 8
6007, 8
6008, 8
6009, 8
6010, 8
6011, 8
6012, 8
6013, 8
6014, 8
6015, 8
6016, 8
6017, 8
6018, 8
6019, 8
6020, 8
6021, 8
6022, 8
6023, 8
6024, 8
6025, 8
6026, 8
6027, 8
6028, 8
6029, 8
6030, 8
6031, 8
6032, 8
6033, 8
6034, 8
6035, 8
6036, 8
6037, 8
6038, 8
6039, 8
6040, 8
6041, 8
6042, 8
6043, 8
6044, 8
6045, 8
6046, 8
6047, 8
6048, 8
6049, 8
6050, 8
6051, 8
6052, 8
6053, 8
6054, 8
6055, 8
6056, 8
6057, 8
6058, 8
6059, 8
6060, 8
6061, 8
6062, 8
6063, 8
6064, 8
6065, 8
6066, 8
6067, 8
6068, 8
6069, 8
6070, 8
6071, 8
6072, 8
6073, 8
6074, 8
6075, 8
6076, 8
6077, 8
6078, 8
6079, 8
6080, 8
6081, 8
6082, 8
6083, 8
6084, 8
6085, 8
6086, 8
6087, 8
6088, 8
6089, 8
6090, 8
6091, 8
6092, 8
6093, 8
6094, 8
6095, 8
6096, 8
6097, 8
6098, 8
6099, 8
6100, 8
6101, 8
6102, 8
6103, 8
6104, 8
6105, 8
6106, 8
6107, 8
6108, 8
6109, 8
6110, 8
6111, 8
6112, 8
6113, 8
6114, 8
6115, 8
6116, 8
6117, 8
6118, 8
6119, 8
6120, 8
6121, 8
6122, 8
6123, 8
6124, 8
6125, 8
6126, 8
6127, 8
6128, 8
6129, 8
6130, 8
6131, 8
6132, 8
6133, 8
6134, 8
6135, 8
6136, 8
6137, 8
6138, 8
6139, 8
6140, 8
6141, 8
6142, 8
6143, 8
6144, 8
6145, 8
6146, 8
6147, 8
6148, 8
6149, 8
6150, 8
6151, 8
6152, 8
6153, 8
6154, 8
6155, 9
6156, 9
6157, 9
6158, 9
6159, 9
6160, 9
6161, 9
6162, 9
6163, 9
6164, 9
6165, 9
6166, 9
6167, 9
6168, 9
6169, 9
6170, 9
6171, 9
6172, 9
6173, 9
6174, 9
6175, 9
6176, 9
6177, 9
6178, 9
6179, 9
6180, 9
6181, 9
6182, 9
6183, 9
6184, 9
6185, 9
6186, 9
6187, 9
6188, 9
6189, 9
6190, 9
6191, 9
6192, 9
6193, 9
6194, 9
6195, 9
6196, 9
6197, 9
6198, 9
6199, 9
6200, 9
6201, 9
6202, 9
6203, 9
6204, 9
6205, 9
6206, 9
6207, 9
6208, 9
6209, 9
6210, 9
6211, 9
6212, 9
6213, 9
6214, 9
6215, 9
6216, 9
6217, 9
6218, 9
6219, 9
6220, 9
6221, 9
6222, 9
6223, 9
6224, 9
6225, 9
6226, 9
6227, 9
6228, 9
6229, 9
6230, 9
6231, 9
6232, 9
6233, 9
6234, 9
6235, 9
6236, 9
6237, 9
6238, 9
6239, 9
6240, 9
6241, 9
6242, 9
6243, 9
6244, 9
6245, 9
6246, 9
6247, 9
6248, 9
6249, 9
6250, 9
6251, 9
6252, 9
6253, 9
6254, 9
6255, 9
6256, 9
6257, 9
6258, 9
6259, 9
6260, 9
6261, 9
6262, 9
6263, 9
6264, 9
6265, 9
6266, 9
6267, 9
6268, 9
6269, 9
6270, 9
6271, 9
6272, 9
6273, 9
6274, 9
6275, 9
6276, 9
6277, 9
6278, 9
6279, 9
6280, 9
6281, 9
6282, 9
6283, 9
6284, 9
6285, 9
6286, 9
6287, 9
6288, 9
6289, 9
6290, 9
6291, 9
6292, 9
6293, 9
6294, 9
6295, 9
6296, 9
6297, 9
6298, 9
6299, 9
6300, 9
6301, 9
6302, 9
6303, 9
6304, 9
6305, 9
6306, 9
6307, 9
6308, 9
6309, 9
6310, 9
6311, 9
6312, 9
6313, 9
6314, 9
6315, 9
6316, 9
6317, 9
6318, 9
6319, 9
6320, 9
6321, 9
6322, 9
6323, 9
6324, 9
6325, 9
6326, 9
6327, 9
6328, 9
6329, 9
6330, 9
6331, 9
6332, 9
6333, 9
6334, 9
6335, 9
6336, 9
6337, 9
6338, 9
6339, 9
6340, 9
6341, 9
6342, 9
6343, 9
6344, 9
6345, 9
6346, 9
6347, 9
6348, 9
6349, 9
6350, 9
6351, 9
6352, 9
6353, 9
6354, 9
6355, 9
6356, 9
6357, 10
6358, 10
6359, 10
6360, 10
6361, 10
6362, 10
6363, 10
6364, 10
6365, 10
6366, 10
6367, 10
6368, 10
6369, 10
6370, 10
6371, 10
6372, 10
6373, 10
6374, 10
6375, 10
6376, 10
6377, 10
6378, 10
6379, 10
6380, 10
6381, 10
6382, 10
6383, 10
6384, 10
6385, 10
6386, 10
6387, 10
6388, 10
6389, 10
6390, 10
6391, 10
6392, 10
6393, 10
6394, 10
6395, 10
6396, 10
6397, 10
6398, 10
6399, 10
6400, 10
6401, 10
6402, 10
6403, 10
6404, 10
6405, 10
6406, 10
6407, 10
6408, 10
6409, 10
6410, 10
6411, 10
6412, 10
6413, 10
6414, 10
6415, 10
6416, 10
6417, 10
6418, 10
6419, 10
6420, 10
6421, 10
6422, 10
6423, 10
6424, 10
6425, 10
6426, 10
6427, 10
6428, 10
6429, 10
6430, 10
6431, 10
6432, 10
6433, 10
6434, 10
6435, 10
6436, 10
6437, 10
6438, 10
6439, 10
6440, 10
6441, 10
6442, 10
6443, 11
6444, 11
6445, 11
6446, 11
6447, 11
6448, 11
6449, 11
6450, 11
6451, 11
6452, 11
6453, 11
6454, 11
6455, 11
6456, 11
6457, 11
6458, 11
6459, 11
6460, 11
6461, 11
6462, 11
6463, 11
6464, 11
6465, 11
6466, 11
6467, 11
6468, 11
6469, 11
6470, 11
6471, 11
6472, 11
6473, 11
6474, 11
6475, 11
6476, 11
6477, 11
6478, 11
6479, 11
6480, 11
6481, 11
6482, 11
6483, 11
6484, 11
6485, 11
6486, 11
6487, 11
6488, 11
6489, 11
6490, 11
6491, 11
6492, 11
6493, 11
6494, 11
6495, 11
6496, 11
6497, 11
6498, 11
6499, 11
6500, 11
6501, 11
6502, 11
6503, 11
6504, 11
6505, 11
6506, 11
6507, 11
6508, 11
6509, 11
6510, 11
6511, 12
6512, 12
6513, 12
6514, 12
6515, 12
6516, 12
6517, 12
6518, 12
6519, 12
6520, 12
6521, 12
6522, 12
6523, 12
6524, 12
6525, 12
6526, 12
6527, 12
6528, 12
6529, 12
6530, 12
6531, 12
6532, 12
6533, 12
6534, 12
6535, 12
6536, 12
6537, 12
6538, 12
6539, 12
6540, 12
6541, 12
6542, 12
6543, 12
6544, 12
6545, 12
6546, 12
6547, 12
6548, 12
6549, 12
6550, 12
6551, 12
6552, 12
6553, 12
6554, 12
6555, 12
6556, 12
6557, 12
6558, 12
6559, 12
6560, 13
6561, 13
6562, 13
6563, 13
6564, 13
6565, 13
6566, 13
6567, 13
6568, 13
6569, 13
6570, 13
6571, 13
6572, 13
6573, 13
6574, 13
6575, 13
6576, 13
6577, 13
6578, 13
6579, 13
6580, 14
6581, 14
6582, 14
6583, 14
6584, 14
6585, 14
6586, 15
6587, 15
6588, 18
6589, 18
6590, 18
6591, 18
6592, 18
